{"v":"5.9.6","fr":30,"ip":0,"op":86,"w":952,"h":784,"nm":"Live chatbot","ddd":0,"assets":[],"layers":[{"ddd":0,"ind":1,"ty":4,"nm":"Shape Layer 1","parent":2,"sr":1,"ks":{"o":{"a":0,"k":100,"ix":11},"r":{"a":1,"k":[{"i":{"x":[0.667],"y":[1]},"o":{"x":[0.333],"y":[0]},"t":22,"s":[-77]},{"i":{"x":[0.667],"y":[0.754]},"o":{"x":[0.333],"y":[0]},"t":26,"s":[-62]},{"i":{"x":[0.667],"y":[1]},"o":{"x":[0.333],"y":[-0.339]},"t":30,"s":[-94.788]},{"i":{"x":[0.667],"y":[1]},"o":{"x":[0.333],"y":[0]},"t":36,"s":[-59]},{"i":{"x":[0.667],"y":[1]},"o":{"x":[0.333],"y":[0]},"t":42,"s":[-96]},{"i":{"x":[0.667],"y":[1]},"o":{"x":[0.333],"y":[0]},"t":48,"s":[-63]},{"i":{"x":[0.667],"y":[1]},"o":{"x":[0.158],"y":[0]},"t":54,"s":[-91]},{"i":{"x":[0.667],"y":[1]},"o":{"x":[0.333],"y":[0]},"t":59,"s":[-59]},{"t":64,"s":[-77]}],"ix":10},"p":{"a":0,"k":[-169.089,-176.172,0],"ix":2,"l":2},"a":{"a":0,"k":[209,-129.688,0],"ix":1,"l":2},"s":{"a":0,"k":[142.857,142.857,100],"ix":6,"l":2}},"ao":0,"shapes":[{"ty":"gr","it":[{"ind":0,"ty":"sh","ix":1,"ks":{"a":0,"k":{"i":[[0,0],[0,0],[0,0],[0,0]],"o":[[0,0],[0,0],[0,0],[0,0]],"v":[[214,-136],[203.25,-136],[203.375,-126],[214,-125.875]],"c":true},"ix":2},"nm":"Path 1","mn":"ADBE Vector Shape - Group","hd":false},{"ty":"fl","c":{"a":0,"k":[0.478431402468,1,0.984313785329,1],"ix":4},"o":{"a":0,"k":100,"ix":5},"r":1,"bm":0,"nm":"Fill 1","mn":"ADBE Vector Graphic - Fill","hd":false},{"ty":"tr","p":{"a":0,"k":[0,0],"ix":2},"a":{"a":0,"k":[0,0],"ix":1},"s":{"a":0,"k":[100,100],"ix":3},"r":{"a":0,"k":0,"ix":6},"o":{"a":0,"k":100,"ix":7},"sk":{"a":0,"k":0,"ix":4},"sa":{"a":0,"k":0,"ix":5},"nm":"Transform"}],"nm":"Shape 2","np":3,"cix":2,"bm":0,"ix":1,"mn":"ADBE Vector Group","hd":false},{"ty":"gr","it":[{"ind":0,"ty":"sh","ix":1,"ks":{"a":0,"k":{"i":[[0,0],[0,0],[0,0],[0,0]],"o":[[0,0],[0,0],[0,0],[0,0]],"v":[[215.75,-192.5],[201.25,-192.5],[203.5,-145.75],[214,-146]],"c":true},"ix":2},"nm":"Path 1","mn":"ADBE Vector Shape - Group","hd":false},{"ty":"fl","c":{"a":0,"k":[0.478431402468,1,0.984313785329,1],"ix":4},"o":{"a":0,"k":100,"ix":5},"r":1,"bm":0,"nm":"Fill 1","mn":"ADBE Vector Graphic - Fill","hd":false},{"ty":"tr","p":{"a":0,"k":[0,0],"ix":2},"a":{"a":0,"k":[0,0],"ix":1},"s":{"a":0,"k":[100,100],"ix":3},"r":{"a":0,"k":0,"ix":6},"o":{"a":0,"k":100,"ix":7},"sk":{"a":0,"k":0,"ix":4},"sa":{"a":0,"k":0,"ix":5},"nm":"Transform"}],"nm":"Shape 1","np":3,"cix":2,"bm":0,"ix":2,"mn":"ADBE Vector Group","hd":false}],"ip":5,"op":185,"st":5,"ct":1,"bm":0},{"ddd":0,"ind":2,"ty":4,"nm":"chat 4","sr":1,"ks":{"o":{"a":0,"k":100,"ix":11},"r":{"a":0,"k":-103,"ix":10},"p":{"a":1,"k":[{"i":{"x":0.191,"y":0.488},"o":{"x":0.275,"y":0},"t":7,"s":[620.5,323.625,0],"to":[0,0,0],"ti":[0,0,0]},{"i":{"x":0.685,"y":1},"o":{"x":0.329,"y":0.731},"t":14,"s":[683.5,277.625,0],"to":[0,0,0],"ti":[0,0,0]},{"i":{"x":0.685,"y":0.685},"o":{"x":0.407,"y":0.407},"t":27,"s":[651.5,303.625,0],"to":[0,0,0],"ti":[0,0,0]},{"i":{"x":0.671,"y":0.269},"o":{"x":0.315,"y":0},"t":57,"s":[651.5,303.625,0],"to":[0,0,0],"ti":[0,0,0]},{"i":{"x":0.725,"y":1},"o":{"x":0.809,"y":0.512},"t":70,"s":[683.5,277.625,0],"to":[0,0,0],"ti":[0,0,0]},{"t":77,"s":[620.5,323.625,0]}],"ix":2,"l":2},"a":{"a":0,"k":[-142.909,-103.418,0],"ix":1,"l":2},"s":{"a":1,"k":[{"i":{"x":[0.191,0.191,0.191],"y":[0.641,0.641,1.359]},"o":{"x":[0.275,0.275,0.275],"y":[0,0,0]},"t":7,"s":[0,0,100]},{"i":{"x":[0.685,0.685,0.685],"y":[1,1,1]},"o":{"x":[0.329,0.329,0.329],"y":[0.95,0.95,-0.95]},"t":14,"s":[-94,-94,100]},{"i":{"x":[0.685,0.685,0.685],"y":[1,1,1]},"o":{"x":[0.462,0.462,0.462],"y":[0,0,0]},"t":27,"s":[-70,-70,100]},{"i":{"x":[0.671,0.671,0.671],"y":[2.059,2.059,0.73]},"o":{"x":[0.315,0.315,0.315],"y":[0,0,0]},"t":57,"s":[-70,-70,100]},{"i":{"x":[0.725,0.725,0.725],"y":[1,1,1]},"o":{"x":[0.809,0.809,0.809],"y":[0.359,0.359,0.359]},"t":70,"s":[-94,-94,100]},{"t":77,"s":[0,0,100]}],"ix":6,"l":2}},"ao":0,"shapes":[{"ty":"gr","it":[{"d":1,"ty":"el","s":{"a":0,"k":[156,156],"ix":2},"p":{"a":0,"k":[0,0],"ix":3},"nm":"Ellipse Path 1","mn":"ADBE Vector Shape - Ellipse","hd":false},{"ty":"gf","o":{"a":0,"k":100,"ix":10},"r":1,"bm":0,"g":{"p":3,"k":{"a":0,"k":[0,0.478,1,0.984,0.5,0.278,0.68,0.802,1,0.078,0.361,0.62],"ix":9}},"s":{"a":0,"k":[-79.376,-17.338],"ix":5},"e":{"a":0,"k":[77.236,20.693],"ix":6},"t":1,"nm":"Gradient Fill 1","mn":"ADBE Vector Graphic - G-Fill","hd":false},{"ty":"tr","p":{"a":0,"k":[-214,-187],"ix":2},"a":{"a":0,"k":[0,0],"ix":1},"s":{"a":0,"k":[100,100],"ix":3},"r":{"a":0,"k":0,"ix":6},"o":{"a":0,"k":100,"ix":7},"sk":{"a":0,"k":0,"ix":4},"sa":{"a":0,"k":0,"ix":5},"nm":"Transform"}],"nm":"Ellipse 1","np":3,"cix":2,"bm":0,"ix":1,"mn":"ADBE Vector Group","hd":false},{"ty":"gr","it":[{"ind":0,"ty":"sh","ix":1,"ks":{"a":0,"k":{"i":[[0,0],[0,0],[0,0]],"o":[[0,0],[0,0],[0,0]],"v":[[-153.75,-148.75],[-180,-125.5],[-138.75,-100.75]],"c":true},"ix":2},"nm":"Path 1","mn":"ADBE Vector Shape - Group","hd":false},{"ty":"gf","o":{"a":0,"k":100,"ix":10},"r":1,"bm":0,"g":{"p":3,"k":{"a":0,"k":[0,0.478,1,0.984,0.5,0.278,0.68,0.802,1,0.078,0.361,0.62],"ix":9}},"s":{"a":0,"k":[-144,-109],"ix":5},"e":{"a":0,"k":[-167.75,-135.5],"ix":6},"t":1,"nm":"Gradient Fill 1","mn":"ADBE Vector Graphic - G-Fill","hd":false},{"ty":"tr","p":{"a":0,"k":[0,0],"ix":2},"a":{"a":0,"k":[0,0],"ix":1},"s":{"a":0,"k":[100,100],"ix":3},"r":{"a":0,"k":0,"ix":6},"o":{"a":0,"k":100,"ix":7},"sk":{"a":0,"k":0,"ix":4},"sa":{"a":0,"k":0,"ix":5},"nm":"Transform"}],"nm":"Shape 1","np":3,"cix":2,"bm":0,"ix":2,"mn":"ADBE Vector Group","hd":false}],"ip":7,"op":187,"st":7,"ct":1,"bm":0},{"ddd":0,"ind":3,"ty":4,"nm":"Layer 2","parent":4,"sr":1,"ks":{"o":{"a":0,"k":100,"ix":11},"r":{"a":1,"k":[{"i":{"x":[0.414],"y":[1]},"o":{"x":[0.228],"y":[0]},"t":25,"s":[-172]},{"i":{"x":[0.667],"y":[1]},"o":{"x":[0.506],"y":[0]},"t":39,"s":[-198]},{"i":{"x":[0.52],"y":[1]},"o":{"x":[0.228],"y":[0]},"t":51,"s":[-172]},{"i":{"x":[0.667],"y":[1]},"o":{"x":[0.333],"y":[0]},"t":62,"s":[-145]},{"t":70,"s":[-172]}],"ix":10},"p":{"a":0,"k":[-193.727,-156.256,0],"ix":2,"l":2},"a":{"a":0,"k":[22.006,-26.641,0],"ix":1,"l":2},"s":{"a":0,"k":[-133,133,100],"ix":6,"l":2}},"ao":0,"shapes":[{"ty":"gr","it":[{"ind":0,"ty":"sh","ix":1,"ks":{"a":0,"k":{"i":[[0.316,1.502],[1.814,0],[2.642,-3.062],[1.444,0],[0,2.743],[-1.096,0.943],[0,1.361],[0,0],[1.466,0],[0,-12.116],[-0.37,-1.597],[0,0],[-4.546,-4.605],[-3.15,0],[-2.173,2.199],[0,0],[-1.499,0],[0,12.094]],"o":[[0,0],[-1.361,0],[-0.943,1.096],[-2.743,0],[0,-1.444],[3.062,-2.642],[0,-1.814],[-1.422,-0.294],[-12.007,0],[0,1.524],[0,0],[-4.543,4.605],[2.213,2.232],[3.146,0],[0,0],[1.557,0.239],[12.206,0],[0,-1.531]],"v":[[33.995,-21.248],[30.842,-27.762],[21.411,-18.589],[17.663,-16.876],[12.699,-21.84],[14.412,-25.588],[23.585,-35.019],[17.057,-38.204],[12.699,-38.647],[-9.071,-16.673],[-8.516,-12.01],[-31.064,10.134],[-31.06,26.829],[-22.747,30.294],[-14.474,26.862],[8.128,4.655],[12.699,4.895],[34.47,-16.673]],"c":true},"ix":2},"nm":"Path 1","mn":"ADBE Vector Shape - Group","hd":false},{"ty":"fl","c":{"a":0,"k":[0.478431402468,1,0.984313785329,1],"ix":4},"o":{"a":0,"k":100,"ix":5},"r":1,"bm":0,"nm":"Fill 1","mn":"ADBE Vector Graphic - Fill","hd":false},{"ty":"tr","p":{"a":0,"k":[0,0],"ix":2},"a":{"a":0,"k":[0,0],"ix":1},"s":{"a":0,"k":[100,100],"ix":3},"r":{"a":0,"k":0,"ix":6},"o":{"a":0,"k":100,"ix":7},"sk":{"a":0,"k":0,"ix":4},"sa":{"a":0,"k":0,"ix":5},"nm":"Transform"}],"nm":"Group 1","np":2,"cix":2,"bm":0,"ix":1,"mn":"ADBE Vector Group","hd":false}],"ip":5,"op":185,"st":5,"ct":1,"bm":0},{"ddd":0,"ind":4,"ty":4,"nm":"chat 3","sr":1,"ks":{"o":{"a":0,"k":100,"ix":11},"r":{"a":0,"k":-8,"ix":10},"p":{"a":1,"k":[{"i":{"x":0.191,"y":0.488},"o":{"x":0.275,"y":0},"t":2,"s":[607.5,434.125,0],"to":[12.917,6.583,0],"ti":[-6,-4.833,0]},{"i":{"x":0.685,"y":1},"o":{"x":0.329,"y":0.698},"t":9,"s":[685,473.625,0],"to":[6,4.833,0],"ti":[6.917,1.75,0]},{"i":{"x":0.685,"y":1},"o":{"x":0.407,"y":0},"t":22,"s":[643.5,463.125,0],"to":[0,0,0],"ti":[-6.917,-1.75,0]},{"i":{"x":0.671,"y":0.25},"o":{"x":0.315,"y":0},"t":52,"s":[643.5,463.125,0],"to":[6.917,1.75,0],"ti":[6,4.833,0]},{"i":{"x":0.725,"y":1},"o":{"x":0.809,"y":0.512},"t":65,"s":[685,473.625,0],"to":[-6,-4.833,0],"ti":[12.917,6.583,0]},{"t":72,"s":[607.5,434.125,0]}],"ix":2,"l":2},"a":{"a":0,"k":[-135.856,-99.234,0],"ix":1,"l":2},"s":{"a":1,"k":[{"i":{"x":[0.191,0.191,0.191],"y":[0.488,0.488,1.512]},"o":{"x":[0.275,0.275,0.275],"y":[0,0,0]},"t":2,"s":[0,0,100]},{"i":{"x":[0.685,0.685,0.685],"y":[1,1,1]},"o":{"x":[0.329,0.329,0.329],"y":[0.731,0.731,-0.731]},"t":9,"s":[-97,-97,100]},{"i":{"x":[0.685,0.685,0.685],"y":[1,1,1]},"o":{"x":[0.462,0.462,0.462],"y":[0,0,0]},"t":22,"s":[-82,-82,100]},{"i":{"x":[0.671,0.671,0.671],"y":[3.498,3.498,0.614]},"o":{"x":[0.315,0.315,0.315],"y":[0,0,0]},"t":52,"s":[-82,-82,100]},{"i":{"x":[0.725,0.725,0.725],"y":[1,1,1]},"o":{"x":[0.809,0.809,0.809],"y":[0.512,0.512,0.512]},"t":65,"s":[-97,-97,100]},{"t":72,"s":[0,0,100]}],"ix":6,"l":2}},"ao":0,"shapes":[{"ty":"gr","it":[{"d":1,"ty":"el","s":{"a":0,"k":[156,156],"ix":2},"p":{"a":0,"k":[0,0],"ix":3},"nm":"Ellipse Path 1","mn":"ADBE Vector Shape - Ellipse","hd":false},{"ty":"gf","o":{"a":0,"k":100,"ix":10},"r":1,"bm":0,"g":{"p":3,"k":{"a":0,"k":[0,0.478,1,0.984,0.5,0.278,0.68,0.802,1,0.078,0.361,0.62],"ix":9}},"s":{"a":0,"k":[-14.336,72.452],"ix":5},"e":{"a":0,"k":[6.629,-79.912],"ix":6},"t":1,"nm":"Gradient Fill 1","mn":"ADBE Vector Graphic - G-Fill","hd":false},{"ty":"tr","p":{"a":0,"k":[-214,-187],"ix":2},"a":{"a":0,"k":[0,0],"ix":1},"s":{"a":0,"k":[100,100],"ix":3},"r":{"a":0,"k":0,"ix":6},"o":{"a":0,"k":100,"ix":7},"sk":{"a":0,"k":0,"ix":4},"sa":{"a":0,"k":0,"ix":5},"nm":"Transform"}],"nm":"Ellipse 1","np":3,"cix":2,"bm":0,"ix":1,"mn":"ADBE Vector Group","hd":false},{"ty":"gr","it":[{"ind":0,"ty":"sh","ix":1,"ks":{"a":0,"k":{"i":[[0,0],[0,0],[0,0]],"o":[[0,0],[0,0],[0,0]],"v":[[-153.75,-148.75],[-180,-125.5],[-138.75,-100.75]],"c":true},"ix":2},"nm":"Path 1","mn":"ADBE Vector Shape - Group","hd":false},{"ty":"gf","o":{"a":0,"k":100,"ix":10},"r":1,"bm":0,"g":{"p":3,"k":{"a":0,"k":[0,0.478,1,0.984,0.5,0.278,0.68,0.802,1,0.078,0.361,0.62],"ix":9}},"s":{"a":0,"k":[-144,-109],"ix":5},"e":{"a":0,"k":[-167.75,-135.5],"ix":6},"t":1,"nm":"Gradient Fill 1","mn":"ADBE Vector Graphic - G-Fill","hd":false},{"ty":"tr","p":{"a":0,"k":[0,0],"ix":2},"a":{"a":0,"k":[0,0],"ix":1},"s":{"a":0,"k":[100,100],"ix":3},"r":{"a":0,"k":0,"ix":6},"o":{"a":0,"k":100,"ix":7},"sk":{"a":0,"k":0,"ix":4},"sa":{"a":0,"k":0,"ix":5},"nm":"Transform"}],"nm":"Shape 1","np":3,"cix":2,"bm":0,"ix":2,"mn":"ADBE Vector Group","hd":false}],"ip":2,"op":182,"st":2,"ct":1,"bm":0},{"ddd":0,"ind":5,"ty":4,"nm":"Layer 1","parent":6,"sr":1,"ks":{"o":{"a":0,"k":100,"ix":11},"r":{"a":1,"k":[{"i":{"x":[0.667],"y":[1]},"o":{"x":[0.333],"y":[0]},"t":25,"s":[75]},{"i":{"x":[0.667],"y":[1]},"o":{"x":[0.333],"y":[0]},"t":47,"s":[356]},{"t":70,"s":[75]}],"ix":10},"p":{"a":0,"k":[-215.794,-186.855,0],"ix":2,"l":2},"a":{"a":0,"k":[2.26,-6.556,0],"ix":1,"l":2},"s":{"a":0,"k":[113,113,100],"ix":6,"l":2}},"ao":0,"shapes":[{"ty":"gr","it":[{"ind":0,"ty":"sh","ix":1,"ks":{"a":0,"k":{"i":[[-10.351,0],[0,-10.351],[10.351,0],[0,10.351]],"o":[[10.351,0],[0,10.351],[-10.351,0],[0,-10.351]],"v":[[2.26,-25.299],[21.003,-6.556],[2.26,12.187],[-16.484,-6.556]],"c":true},"ix":2},"nm":"Path 1","mn":"ADBE Vector Shape - Group","hd":false},{"ind":1,"ty":"sh","ix":2,"ks":{"a":0,"k":{"i":[[0,0],[0.431,-2.202],[0,0],[3.123,-2.563],[0,0],[1.125,-1.94],[0,0],[-1.692,-1.471],[0,0],[0,-2.065],[-0.321,-1.974],[0,0],[-1.12,-1.945],[0,0],[-2.123,0.726],[0,0],[-3.844,-1.454],[0,0],[-2.244,0],[0,0],[-0.431,2.202],[0,0],[-3.123,2.563],[0,0],[-1.125,1.945],[0,0],[1.692,1.471],[0,0],[0,2.065],[0.321,1.974],[0,0],[1.12,1.945],[0,0],[2.123,-0.726],[0,0],[3.844,1.454],[0,0],[2.244,0]],"o":[[-2.244,0],[0,0],[-3.846,1.454],[0,0],[-2.123,-0.731],[0,0],[-1.12,1.945],[0,0],[-0.321,1.974],[0,2.065],[0,0],[-1.692,1.471],[0,0],[1.12,1.945],[0,0],[3.122,2.562],[0,0],[0.431,2.202],[0,0],[2.244,0],[0,0],[3.846,-1.454],[0,0],[2.123,0.731],[0,0],[1.12,-1.945],[0,0],[0.321,-1.974],[0,-2.065],[0,0],[1.692,-1.471],[0,0],[-1.12,-1.945],[0,0],[-3.122,-2.562],[0,0],[-0.431,-2.202],[0,0]],"v":[[-4.815,-53.413],[-9.409,-49.625],[-10.974,-41.589],[-21.499,-35.54],[-29.205,-38.194],[-34.787,-36.107],[-41.853,-23.862],[-40.873,-17.977],[-34.696,-12.605],[-35.227,-6.556],[-34.696,-0.506],[-40.873,4.866],[-41.853,10.75],[-34.787,22.996],[-29.205,25.091],[-21.499,22.437],[-10.974,28.478],[-9.409,36.513],[-4.815,40.302],[9.334,40.302],[13.928,36.513],[15.493,28.478],[26.018,22.428],[33.724,25.082],[39.306,22.996],[46.372,10.741],[45.392,4.866],[39.215,-0.506],[39.746,-6.556],[39.215,-12.605],[45.392,-17.977],[46.372,-23.862],[39.306,-36.107],[33.724,-38.203],[26.018,-35.549],[15.493,-41.589],[13.928,-49.625],[9.334,-53.413]],"c":true},"ix":2},"nm":"Path 2","mn":"ADBE Vector Shape - Group","hd":false},{"ty":"fl","c":{"a":0,"k":[0.478431402468,1,0.984313785329,1],"ix":4},"o":{"a":0,"k":100,"ix":5},"r":1,"bm":0,"nm":"Fill 1","mn":"ADBE Vector Graphic - Fill","hd":false},{"ty":"tr","p":{"a":0,"k":[0,0],"ix":2},"a":{"a":0,"k":[0,0],"ix":1},"s":{"a":0,"k":[100,100],"ix":3},"r":{"a":0,"k":0,"ix":6},"o":{"a":0,"k":100,"ix":7},"sk":{"a":0,"k":0,"ix":4},"sa":{"a":0,"k":0,"ix":5},"nm":"Transform"}],"nm":"Group 1","np":3,"cix":2,"bm":0,"ix":1,"mn":"ADBE Vector Group","hd":false}],"ip":5,"op":185,"st":5,"ct":1,"bm":0},{"ddd":0,"ind":6,"ty":4,"nm":"chat 2","sr":1,"ks":{"o":{"a":0,"k":100,"ix":11},"r":{"a":0,"k":105,"ix":10},"p":{"a":1,"k":[{"i":{"x":0.191,"y":0.488},"o":{"x":0.275,"y":0},"t":3,"s":[381,437.625,0],"to":[-13.583,10.333,0],"ti":[6.333,-7.333,0]},{"i":{"x":0.685,"y":1},"o":{"x":0.329,"y":0.69},"t":10,"s":[299.5,499.625,0],"to":[-6.333,7.333,0],"ti":[-7.25,3,0]},{"i":{"x":0.685,"y":1},"o":{"x":0.407,"y":0},"t":23,"s":[343,481.625,0],"to":[0,0,0],"ti":[7.25,-3,0]},{"i":{"x":0.671,"y":0.207},"o":{"x":0.315,"y":0},"t":53,"s":[343,481.625,0],"to":[-7.25,3,0],"ti":[-6.333,7.333,0]},{"i":{"x":0.725,"y":1},"o":{"x":0.809,"y":0.512},"t":66,"s":[299.5,499.625,0],"to":[6.333,-7.333,0],"ti":[-13.583,10.333,0]},{"t":73,"s":[381,437.625,0]}],"ix":2,"l":2},"a":{"a":0,"k":[-138.949,-100.735,0],"ix":1,"l":2},"s":{"a":1,"k":[{"i":{"x":[0.191,0.191,0.191],"y":[0.488,0.488,1.512]},"o":{"x":[0.275,0.275,0.275],"y":[0,0,0]},"t":3,"s":[0,0,100]},{"i":{"x":[0.685,0.685,0.685],"y":[1,1,1]},"o":{"x":[0.329,0.329,0.329],"y":[0.731,0.731,-0.731]},"t":10,"s":[-99,-99,100]},{"i":{"x":[0.685,0.685,0.685],"y":[1,1,1]},"o":{"x":[0.462,0.462,0.462],"y":[0,0,0]},"t":23,"s":[-81,-81,100]},{"i":{"x":[0.671,0.671,0.671],"y":[3.124,3.124,0.614]},"o":{"x":[0.315,0.315,0.315],"y":[0,0,0]},"t":53,"s":[-81,-81,100]},{"i":{"x":[0.725,0.725,0.725],"y":[1,1,1]},"o":{"x":[0.809,0.809,0.809],"y":[0.512,0.512,0.512]},"t":66,"s":[-99,-99,100]},{"t":73,"s":[0,0,100]}],"ix":6,"l":2}},"ao":0,"shapes":[{"ty":"gr","it":[{"d":1,"ty":"el","s":{"a":0,"k":[156,156],"ix":2},"p":{"a":0,"k":[0,0],"ix":3},"nm":"Ellipse Path 1","mn":"ADBE Vector Shape - Ellipse","hd":false},{"ty":"gf","o":{"a":0,"k":100,"ix":10},"r":1,"bm":0,"g":{"p":3,"k":{"a":0,"k":[0,0.478,1,0.984,0.5,0.278,0.68,0.802,1,0.078,0.361,0.62],"ix":9}},"s":{"a":0,"k":[88.398,-27.639],"ix":5},"e":{"a":0,"k":[-66.084,25.63],"ix":6},"t":1,"nm":"Gradient Fill 1","mn":"ADBE Vector Graphic - G-Fill","hd":false},{"ty":"tr","p":{"a":0,"k":[-214,-187],"ix":2},"a":{"a":0,"k":[0,0],"ix":1},"s":{"a":0,"k":[100,100],"ix":3},"r":{"a":0,"k":0,"ix":6},"o":{"a":0,"k":100,"ix":7},"sk":{"a":0,"k":0,"ix":4},"sa":{"a":0,"k":0,"ix":5},"nm":"Transform"}],"nm":"Ellipse 1","np":3,"cix":2,"bm":0,"ix":1,"mn":"ADBE Vector Group","hd":false},{"ty":"gr","it":[{"ind":0,"ty":"sh","ix":1,"ks":{"a":0,"k":{"i":[[0,0],[0,0],[0,0]],"o":[[0,0],[0,0],[0,0]],"v":[[-153.75,-148.75],[-180,-125.5],[-138.75,-100.75]],"c":true},"ix":2},"nm":"Path 1","mn":"ADBE Vector Shape - Group","hd":false},{"ty":"gf","o":{"a":0,"k":100,"ix":10},"r":1,"bm":0,"g":{"p":3,"k":{"a":0,"k":[0,0.478,1,0.984,0.5,0.278,0.68,0.802,1,0.078,0.361,0.62],"ix":9}},"s":{"a":0,"k":[-144,-109],"ix":5},"e":{"a":0,"k":[-167.75,-135.5],"ix":6},"t":1,"nm":"Gradient Fill 1","mn":"ADBE Vector Graphic - G-Fill","hd":false},{"ty":"tr","p":{"a":0,"k":[0,0],"ix":2},"a":{"a":0,"k":[0,0],"ix":1},"s":{"a":0,"k":[100,100],"ix":3},"r":{"a":0,"k":0,"ix":6},"o":{"a":0,"k":100,"ix":7},"sk":{"a":0,"k":0,"ix":4},"sa":{"a":0,"k":0,"ix":5},"nm":"Transform"}],"nm":"Shape 1","np":3,"cix":2,"bm":0,"ix":2,"mn":"ADBE Vector Group","hd":false}],"ip":3,"op":183,"st":3,"ct":1,"bm":0},{"ddd":0,"ind":7,"ty":4,"nm":"Rectangle 3","parent":10,"sr":1,"ks":{"o":{"a":0,"k":100,"ix":11},"r":{"a":0,"k":0,"ix":10},"p":{"a":1,"k":[{"i":{"x":0.667,"y":0.989},"o":{"x":0.333,"y":0},"t":31,"s":[-169.25,-184.375,0],"to":[0,-5,0],"ti":[0,0,0]},{"i":{"x":0.667,"y":1},"o":{"x":0.333,"y":0.011},"t":41,"s":[-169.25,-214.375,0],"to":[0,0,0],"ti":[0,-5,0]},{"i":{"x":0.667,"y":0.989},"o":{"x":0.185,"y":0},"t":51,"s":[-169.25,-184.375,0],"to":[0,0,0],"ti":[0,0,0]},{"i":{"x":0.667,"y":1},"o":{"x":0.333,"y":0.011},"t":61,"s":[-169.25,-214.375,0],"to":[0,0,0],"ti":[0,-5,0]},{"t":71,"s":[-169.25,-184.375,0]}],"ix":2,"l":2},"a":{"a":0,"k":[-169.25,-184.375,0],"ix":1,"l":2},"s":{"a":0,"k":[100,100,100],"ix":6,"l":2}},"ao":0,"shapes":[{"ty":"gr","it":[{"ty":"rc","d":1,"s":{"a":0,"k":[22.5,23.25],"ix":2},"p":{"a":0,"k":[0,0],"ix":3},"r":{"a":0,"k":0,"ix":4},"nm":"Rectangle Path 1","mn":"ADBE Vector Shape - Rect","hd":false},{"ty":"gf","o":{"a":0,"k":100,"ix":10},"r":1,"bm":0,"g":{"p":3,"k":{"a":0,"k":[0,0.478,1,0.984,0.5,0.278,0.68,0.802,1,0.078,0.361,0.62],"ix":9}},"s":{"a":0,"k":[0,0],"ix":5},"e":{"a":0,"k":[100,0],"ix":6},"t":1,"nm":"Gradient Fill 1","mn":"ADBE Vector Graphic - G-Fill","hd":false},{"ty":"tr","p":{"a":0,"k":[-169.25,-184.375],"ix":2},"a":{"a":0,"k":[0,0],"ix":1},"s":{"a":0,"k":[100,100],"ix":3},"r":{"a":0,"k":0,"ix":6},"o":{"a":0,"k":100,"ix":7},"sk":{"a":0,"k":0,"ix":4},"sa":{"a":0,"k":0,"ix":5},"nm":"Transform"}],"nm":"Rectangle 3","np":3,"cix":2,"bm":0,"ix":1,"mn":"ADBE Vector Group","hd":false}],"ip":5,"op":185,"st":5,"ct":1,"bm":0},{"ddd":0,"ind":8,"ty":4,"nm":"Rectangle 2","parent":10,"sr":1,"ks":{"o":{"a":0,"k":100,"ix":11},"r":{"a":0,"k":0,"ix":10},"p":{"a":1,"k":[{"i":{"x":0.667,"y":1},"o":{"x":0.333,"y":0},"t":28,"s":[-211.5,-184.375,0],"to":[0,-5,0],"ti":[0,0,0]},{"i":{"x":0.667,"y":1},"o":{"x":0.333,"y":0},"t":38,"s":[-211.5,-214.375,0],"to":[0,0,0],"ti":[0,-5,0]},{"i":{"x":0.667,"y":1},"o":{"x":0.185,"y":0},"t":48,"s":[-211.5,-184.375,0],"to":[0,0,0],"ti":[0,0,0]},{"i":{"x":0.667,"y":1},"o":{"x":0.333,"y":0},"t":58,"s":[-211.5,-214.375,0],"to":[0,0,0],"ti":[0,-5,0]},{"t":68,"s":[-211.5,-184.375,0]}],"ix":2,"l":2},"a":{"a":0,"k":[-211.5,-184.375,0],"ix":1,"l":2},"s":{"a":0,"k":[100,100,100],"ix":6,"l":2}},"ao":0,"shapes":[{"ty":"gr","it":[{"ty":"rc","d":1,"s":{"a":0,"k":[22.5,23.25],"ix":2},"p":{"a":0,"k":[0,0],"ix":3},"r":{"a":0,"k":0,"ix":4},"nm":"Rectangle Path 1","mn":"ADBE Vector Shape - Rect","hd":false},{"ty":"gf","o":{"a":0,"k":100,"ix":10},"r":1,"bm":0,"g":{"p":3,"k":{"a":0,"k":[0,0.478,1,0.984,0.5,0.278,0.68,0.802,1,0.078,0.361,0.62],"ix":9}},"s":{"a":0,"k":[0,0],"ix":5},"e":{"a":0,"k":[100,0],"ix":6},"t":1,"nm":"Gradient Fill 1","mn":"ADBE Vector Graphic - G-Fill","hd":false},{"ty":"tr","p":{"a":0,"k":[-211.5,-184.375],"ix":2},"a":{"a":0,"k":[0,0],"ix":1},"s":{"a":0,"k":[100,100],"ix":3},"r":{"a":0,"k":0,"ix":6},"o":{"a":0,"k":100,"ix":7},"sk":{"a":0,"k":0,"ix":4},"sa":{"a":0,"k":0,"ix":5},"nm":"Transform"}],"nm":"Rectangle 2","np":3,"cix":2,"bm":0,"ix":1,"mn":"ADBE Vector Group","hd":false}],"ip":5,"op":185,"st":5,"ct":1,"bm":0},{"ddd":0,"ind":9,"ty":4,"nm":"Rectangle 1","parent":10,"sr":1,"ks":{"o":{"a":0,"k":100,"ix":11},"r":{"a":0,"k":0,"ix":10},"p":{"a":1,"k":[{"i":{"x":0.667,"y":1},"o":{"x":0.333,"y":0},"t":25,"s":[-253.5,-184.375,0],"to":[0,-5,0],"ti":[0,0,0]},{"i":{"x":0.667,"y":1},"o":{"x":0.333,"y":0},"t":35,"s":[-253.5,-214.375,0],"to":[0,0,0],"ti":[0,-5,0]},{"i":{"x":0.667,"y":1},"o":{"x":0.185,"y":0},"t":45,"s":[-253.5,-184.375,0],"to":[0,0,0],"ti":[0,0,0]},{"i":{"x":0.667,"y":1},"o":{"x":0.333,"y":0},"t":55,"s":[-253.5,-214.375,0],"to":[0,0,0],"ti":[0,-5,0]},{"t":65,"s":[-253.5,-184.375,0]}],"ix":2,"l":2},"a":{"a":0,"k":[-253.5,-184.375,0],"ix":1,"l":2},"s":{"a":0,"k":[100,100,100],"ix":6,"l":2}},"ao":0,"shapes":[{"ty":"gr","it":[{"ty":"rc","d":1,"s":{"a":0,"k":[22.5,23.25],"ix":2},"p":{"a":0,"k":[0,0],"ix":3},"r":{"a":0,"k":0,"ix":4},"nm":"Rectangle Path 1","mn":"ADBE Vector Shape - Rect","hd":false},{"ty":"gf","o":{"a":0,"k":100,"ix":10},"r":1,"bm":0,"g":{"p":3,"k":{"a":0,"k":[0,0.478,1,0.984,0.5,0.278,0.68,0.802,1,0.078,0.361,0.62],"ix":9}},"s":{"a":0,"k":[0,0],"ix":5},"e":{"a":0,"k":[100,0],"ix":6},"t":1,"nm":"Gradient Fill 1","mn":"ADBE Vector Graphic - G-Fill","hd":false},{"ty":"tr","p":{"a":0,"k":[-253.5,-184.375],"ix":2},"a":{"a":0,"k":[0,0],"ix":1},"s":{"a":0,"k":[100,100],"ix":3},"r":{"a":0,"k":0,"ix":6},"o":{"a":0,"k":100,"ix":7},"sk":{"a":0,"k":0,"ix":4},"sa":{"a":0,"k":0,"ix":5},"nm":"Transform"}],"nm":"Rectangle 1","np":3,"cix":2,"bm":0,"ix":1,"mn":"ADBE Vector Group","hd":false}],"ip":5,"op":185,"st":5,"ct":1,"bm":0},{"ddd":0,"ind":10,"ty":4,"nm":"chat 1","sr":1,"ks":{"o":{"a":0,"k":100,"ix":11},"r":{"a":0,"k":0,"ix":10},"p":{"a":1,"k":[{"i":{"x":0.191,"y":0.488},"o":{"x":0.275,"y":0},"t":4,"s":[378.5,317.25,0],"to":[-8.833,-5.417,0],"ti":[4.5,2.5,0]},{"i":{"x":0.685,"y":1},"o":{"x":0.329,"y":0.705},"t":11,"s":[325.5,284.75,0],"to":[-4.5,-2.5,0],"ti":[-4.333,-2.917,0]},{"i":{"x":0.685,"y":1},"o":{"x":0.407,"y":0},"t":24,"s":[351.5,302.25,0],"to":[0,0,0],"ti":[4.333,2.917,0]},{"i":{"x":0.671,"y":0.261},"o":{"x":0.315,"y":0},"t":54,"s":[351.5,302.25,0],"to":[-4.333,-2.917,0],"ti":[-4.5,-2.5,0]},{"i":{"x":0.725,"y":1},"o":{"x":0.809,"y":0.512},"t":67,"s":[325.5,284.75,0],"to":[4.5,2.5,0],"ti":[-8.833,-5.417,0]},{"t":74,"s":[378.5,317.25,0]}],"ix":2,"l":2},"a":{"a":0,"k":[-138,-100.25,0],"ix":1,"l":2},"s":{"a":1,"k":[{"i":{"x":[0.191,0.191,0.191],"y":[0.488,0.488,1.512]},"o":{"x":[0.275,0.275,0.275],"y":[0,0,0]},"t":4,"s":[0,0,100]},{"i":{"x":[0.685,0.685,0.685],"y":[1,1,1]},"o":{"x":[0.329,0.329,0.329],"y":[0.731,0.731,-0.731]},"t":11,"s":[124,124,100]},{"i":{"x":[0.685,0.685,0.685],"y":[1,1,1]},"o":{"x":[0.462,0.462,0.462],"y":[0,0,0]},"t":24,"s":[100,100,100]},{"i":{"x":[0.671,0.671,0.671],"y":[2.996,2.996,0.614]},"o":{"x":[0.315,0.315,0.315],"y":[0,0,0]},"t":54,"s":[100,100,100]},{"i":{"x":[0.725,0.725,0.725],"y":[1,1,1]},"o":{"x":[0.809,0.809,0.809],"y":[0.512,0.512,0.512]},"t":67,"s":[124,124,100]},{"t":74,"s":[0,0,100]}],"ix":6,"l":2}},"ao":0,"shapes":[{"ty":"gr","it":[{"d":1,"ty":"el","s":{"a":0,"k":[156,156],"ix":2},"p":{"a":0,"k":[0,0],"ix":3},"nm":"Ellipse Path 1","mn":"ADBE Vector Shape - Ellipse","hd":false},{"ty":"gf","o":{"a":0,"k":100,"ix":10},"r":1,"bm":0,"g":{"p":3,"k":{"a":0,"k":[0,0.478,1,0.984,0.5,0.278,0.68,0.802,1,0.078,0.361,0.62],"ix":9}},"s":{"a":0,"k":[3,-84],"ix":5},"e":{"a":0,"k":[0,91],"ix":6},"t":1,"nm":"Gradient Fill 1","mn":"ADBE Vector Graphic - G-Fill","hd":false},{"ty":"tr","p":{"a":0,"k":[-214,-187],"ix":2},"a":{"a":0,"k":[0,0],"ix":1},"s":{"a":0,"k":[100,100],"ix":3},"r":{"a":0,"k":0,"ix":6},"o":{"a":0,"k":100,"ix":7},"sk":{"a":0,"k":0,"ix":4},"sa":{"a":0,"k":0,"ix":5},"nm":"Transform"}],"nm":"Ellipse 1","np":3,"cix":2,"bm":0,"ix":1,"mn":"ADBE Vector Group","hd":false},{"ty":"gr","it":[{"ind":0,"ty":"sh","ix":1,"ks":{"a":0,"k":{"i":[[0,0],[0,0],[0,0]],"o":[[0,0],[0,0],[0,0]],"v":[[-153.75,-148.75],[-180,-125.5],[-138.75,-100.75]],"c":true},"ix":2},"nm":"Path 1","mn":"ADBE Vector Shape - Group","hd":false},{"ty":"gf","o":{"a":0,"k":100,"ix":10},"r":1,"bm":0,"g":{"p":3,"k":{"a":0,"k":[0,0.478,1,0.984,0.5,0.278,0.68,0.802,1,0.078,0.361,0.62],"ix":9}},"s":{"a":0,"k":[-144,-109],"ix":5},"e":{"a":0,"k":[-167.75,-135.5],"ix":6},"t":1,"nm":"Gradient Fill 1","mn":"ADBE Vector Graphic - G-Fill","hd":false},{"ty":"tr","p":{"a":0,"k":[0,0],"ix":2},"a":{"a":0,"k":[0,0],"ix":1},"s":{"a":0,"k":[100,100],"ix":3},"r":{"a":0,"k":0,"ix":6},"o":{"a":0,"k":100,"ix":7},"sk":{"a":0,"k":0,"ix":4},"sa":{"a":0,"k":0,"ix":5},"nm":"Transform"}],"nm":"Shape 1","np":3,"cix":2,"bm":0,"ix":2,"mn":"ADBE Vector Group","hd":false}],"ip":4,"op":184,"st":4,"ct":1,"bm":0},{"ddd":0,"ind":11,"ty":4,"nm":"r hand","parent":17,"sr":1,"ks":{"o":{"a":0,"k":100,"ix":11},"r":{"a":1,"k":[{"i":{"x":[0.667],"y":[1]},"o":{"x":[0.333],"y":[0]},"t":0,"s":[-133]},{"i":{"x":[0.667],"y":[1]},"o":{"x":[0.333],"y":[0]},"t":15,"s":[-63]},{"i":{"x":[0.812],"y":[1]},"o":{"x":[0.65],"y":[0]},"t":20,"s":[-63]},{"t":28,"s":[-133]}],"ix":10},"p":{"a":0,"k":[-66.25,61.501,0],"ix":2,"l":2},"a":{"a":0,"k":[195.254,52.216,0],"ix":1,"l":2},"s":{"a":0,"k":[-100,-100,100],"ix":6,"l":2}},"ao":0,"shapes":[{"ty":"gr","it":[{"ind":0,"ty":"sh","ix":1,"ks":{"a":0,"k":{"i":[[0,-13.945],[0,0],[10.25,-0.25],[2.5,13.25],[0,0],[-13.945,0]],"o":[[0,0],[-1.75,12.75],[-8.751,0.213],[0,0],[0,-13.945],[13.945,0]],"v":[[25.25,-22.25],[18,23.75],[0,47.5],[-17.75,22.5],[-25.25,-22.25],[0,-47.5]],"c":true},"ix":2},"nm":"Path 1","mn":"ADBE Vector Shape - Group","hd":false},{"ty":"gf","o":{"a":0,"k":100,"ix":10},"r":1,"bm":0,"g":{"p":3,"k":{"a":0,"k":[0,0.043,0.31,0.424,0.5,0.376,0.574,0.69,1,0.709,0.838,0.957],"ix":9}},"s":{"a":0,"k":[1.631,-73.168],"ix":5},"e":{"a":0,"k":[-1.716,53.741],"ix":6},"t":1,"nm":"Gradient Fill 1","mn":"ADBE Vector Graphic - G-Fill","hd":false},{"ty":"tr","p":{"a":0,"k":[196.25,101],"ix":2},"a":{"a":0,"k":[0,0],"ix":1},"s":{"a":0,"k":[100,100],"ix":3},"r":{"a":0,"k":0,"ix":6},"o":{"a":0,"k":100,"ix":7},"sk":{"a":0,"k":0,"ix":4},"sa":{"a":0,"k":0,"ix":5},"nm":"Transform"}],"nm":"Rectangle 1","np":3,"cix":2,"bm":0,"ix":1,"mn":"ADBE Vector Group","hd":false}],"ip":0,"op":180,"st":0,"ct":1,"bm":0},{"ddd":0,"ind":12,"ty":4,"nm":"l hand","parent":17,"sr":1,"ks":{"o":{"a":0,"k":100,"ix":11},"r":{"a":1,"k":[{"i":{"x":[0.667],"y":[1]},"o":{"x":[0.333],"y":[0]},"t":0,"s":[-46]},{"i":{"x":[0.667],"y":[1]},"o":{"x":[0.333],"y":[0]},"t":15,"s":[-118]},{"i":{"x":[0.812],"y":[1]},"o":{"x":[0.65],"y":[0]},"t":20,"s":[-118]},{"t":28,"s":[-46]}],"ix":10},"p":{"a":0,"k":[69.75,63.001,0],"ix":2,"l":2},"a":{"a":0,"k":[197.784,53.645,0],"ix":1,"l":2},"s":{"a":0,"k":[100,100,100],"ix":6,"l":2}},"ao":0,"shapes":[{"ty":"gr","it":[{"ind":0,"ty":"sh","ix":1,"ks":{"a":0,"k":{"i":[[0,-13.945],[0,0],[10.25,-0.25],[2.5,13.25],[0,0],[-13.945,0]],"o":[[0,0],[-1.75,12.75],[-8.751,0.213],[0,0],[0,-13.945],[13.945,0]],"v":[[25.25,-22.25],[18,23.75],[0,47.5],[-17.75,22.5],[-25.25,-22.25],[0,-47.5]],"c":true},"ix":2},"nm":"Path 1","mn":"ADBE Vector Shape - Group","hd":false},{"ty":"gf","o":{"a":0,"k":100,"ix":10},"r":1,"bm":0,"g":{"p":3,"k":{"a":0,"k":[0,0.043,0.31,0.424,0.5,0.376,0.574,0.69,1,0.709,0.838,0.957],"ix":9}},"s":{"a":0,"k":[1.631,-73.168],"ix":5},"e":{"a":0,"k":[-1.716,53.741],"ix":6},"t":1,"nm":"Gradient Fill 1","mn":"ADBE Vector Graphic - G-Fill","hd":false},{"ty":"tr","p":{"a":0,"k":[196.25,101],"ix":2},"a":{"a":0,"k":[0,0],"ix":1},"s":{"a":0,"k":[100,100],"ix":3},"r":{"a":0,"k":0,"ix":6},"o":{"a":0,"k":100,"ix":7},"sk":{"a":0,"k":0,"ix":4},"sa":{"a":0,"k":0,"ix":5},"nm":"Transform"}],"nm":"Rectangle 1","np":3,"cix":2,"bm":0,"ix":1,"mn":"ADBE Vector Group","hd":false}],"ip":0,"op":180,"st":0,"ct":1,"bm":0},{"ddd":0,"ind":13,"ty":4,"nm":"mic","parent":15,"sr":1,"ks":{"o":{"a":0,"k":100,"ix":11},"r":{"a":0,"k":0,"ix":10},"p":{"a":0,"k":[83.253,-27.54,0],"ix":2,"l":2},"a":{"a":0,"k":[85.253,-23.54,0],"ix":1,"l":2},"s":{"a":0,"k":[100,100,100],"ix":6,"l":2}},"ao":0,"shapes":[{"ty":"gr","it":[{"ind":0,"ty":"sh","ix":1,"ks":{"a":1,"k":[{"i":{"x":0.667,"y":1},"o":{"x":0.333,"y":0},"t":0,"s":[{"i":[[0,0],[0,0]],"o":[[0,0],[0,0]],"v":[[54.625,4.5],[36.625,4.5]],"c":false}]},{"i":{"x":0.667,"y":1},"o":{"x":0.333,"y":0},"t":15,"s":[{"i":[[0,0],[0,0]],"o":[[0,0],[0,0]],"v":[[54.5,-16.5],[36.5,-16.5]],"c":false}]},{"i":{"x":0.667,"y":1},"o":{"x":0.333,"y":0},"t":20,"s":[{"i":[[0,0],[0,0]],"o":[[0,0],[0,0]],"v":[[54.5,-16.5],[36.5,-16.5]],"c":false}]},{"t":28,"s":[{"i":[[0,0],[0,0]],"o":[[0,0],[0,0]],"v":[[54.625,4.5],[36.625,4.5]],"c":false}]}],"ix":2},"nm":"Path 1","mn":"ADBE Vector Shape - Group","hd":false},{"ty":"st","c":{"a":0,"k":[0.478431402468,1,0.984313785329,1],"ix":3},"o":{"a":0,"k":100,"ix":4},"w":{"a":0,"k":20,"ix":5},"lc":2,"lj":1,"ml":4,"bm":0,"nm":"Stroke 1","mn":"ADBE Vector Graphic - Stroke","hd":false},{"ty":"tr","p":{"a":0,"k":[0,0],"ix":2},"a":{"a":0,"k":[0,0],"ix":1},"s":{"a":0,"k":[100,100],"ix":3},"r":{"a":0,"k":0,"ix":6},"o":{"a":0,"k":100,"ix":7},"sk":{"a":0,"k":0,"ix":4},"sa":{"a":0,"k":0,"ix":5},"nm":"Transform"}],"nm":"Shape 2","np":3,"cix":2,"bm":0,"ix":1,"mn":"ADBE Vector Group","hd":false},{"ty":"gr","it":[{"ind":0,"ty":"sh","ix":1,"ks":{"a":1,"k":[{"i":{"x":0.667,"y":1},"o":{"x":0.333,"y":0},"t":0,"s":[{"i":[[0,0],[20.179,-15.211],[0,0]],"o":[[0,0],[-32.5,24.5],[0,0]],"v":[[131.5,-52],[115.25,-15.5],[36,4]],"c":false}]},{"i":{"x":0.667,"y":1},"o":{"x":0.333,"y":0},"t":15,"s":[{"i":[[0,0],[22.262,-11.957],[0,0]],"o":[[0,0],[-35.375,19],[0,0]],"v":[[131.5,-52],[115.375,-31],[35.875,-17]],"c":false}]},{"i":{"x":0.667,"y":1},"o":{"x":0.333,"y":0},"t":20,"s":[{"i":[[0,0],[22.262,-11.957],[0,0]],"o":[[0,0],[-35.375,19],[0,0]],"v":[[131.5,-52],[115.375,-31],[35.875,-17]],"c":false}]},{"t":28,"s":[{"i":[[0,0],[20.179,-15.211],[0,0]],"o":[[0,0],[-32.5,24.5],[0,0]],"v":[[131.5,-52],[115.25,-15.5],[36,4]],"c":false}]}],"ix":2},"nm":"Path 1","mn":"ADBE Vector Shape - Group","hd":false},{"ty":"st","c":{"a":0,"k":[0.478431402468,1,0.984313785329,1],"ix":3},"o":{"a":0,"k":100,"ix":4},"w":{"a":0,"k":8,"ix":5},"lc":2,"lj":1,"ml":4,"bm":0,"nm":"Stroke 1","mn":"ADBE Vector Graphic - Stroke","hd":false},{"ty":"tr","p":{"a":0,"k":[0,0],"ix":2},"a":{"a":0,"k":[0,0],"ix":1},"s":{"a":0,"k":[100,100],"ix":3},"r":{"a":0,"k":0,"ix":6},"o":{"a":0,"k":100,"ix":7},"sk":{"a":0,"k":0,"ix":4},"sa":{"a":0,"k":0,"ix":5},"nm":"Transform"}],"nm":"Shape 1","np":3,"cix":2,"bm":0,"ix":2,"mn":"ADBE Vector Group","hd":false}],"ip":0,"op":180,"st":0,"ct":1,"bm":0},{"ddd":0,"ind":14,"ty":4,"nm":"face","parent":15,"sr":1,"ks":{"o":{"a":0,"k":100,"ix":11},"r":{"a":0,"k":0,"ix":10},"p":{"a":1,"k":[{"i":{"x":0.667,"y":1},"o":{"x":0.333,"y":0},"t":0,"s":[-2.508,-56.75,0],"to":[0,-3.333,0],"ti":[0,3.333,0]},{"i":{"x":0.667,"y":1},"o":{"x":0.333,"y":0},"t":15,"s":[-2.508,-76.75,0],"to":[0,0,0],"ti":[0,-3.333,0]},{"i":{"x":0.667,"y":1},"o":{"x":0.333,"y":0},"t":20,"s":[-2.508,-76.75,0],"to":[0,3.333,0],"ti":[0,-3.333,0]},{"i":{"x":0.667,"y":1},"o":{"x":0.167,"y":0},"t":28,"s":[-2.508,-56.75,0],"to":[0,3.333,0],"ti":[0,0,0]},{"i":{"x":0.667,"y":1},"o":{"x":0.167,"y":0},"t":30,"s":[-2.508,-56.75,0],"to":[0,0,0],"ti":[0,0,0]},{"i":{"x":0.667,"y":0.667},"o":{"x":0.167,"y":0.167},"t":45,"s":[-28.508,-68.75,0],"to":[0,0,0],"ti":[0,0,0]},{"i":{"x":0.667,"y":1},"o":{"x":0.167,"y":0},"t":49,"s":[-28.508,-68.75,0],"to":[0,0,0],"ti":[0,0,0]},{"i":{"x":0.667,"y":0.667},"o":{"x":0.167,"y":0.167},"t":64,"s":[8.992,-45.25,0],"to":[0,0,0],"ti":[0,0,0]},{"i":{"x":0.667,"y":1},"o":{"x":0.167,"y":0},"t":67,"s":[8.992,-45.25,0],"to":[0,0,0],"ti":[0,0,0]},{"t":75,"s":[-2.508,-56.75,0]}],"ix":2,"l":2},"a":{"a":0,"k":[-2.508,-68.25,0],"ix":1,"l":2},"s":{"a":0,"k":[69,69,100],"ix":6,"l":2}},"ao":0,"shapes":[{"ty":"gr","it":[{"ind":0,"ty":"sh","ix":1,"ks":{"a":0,"k":{"i":[[0,0],[-34.42,1.268],[0,0]],"o":[[0,0],[28.082,-1.035],[0,0]],"v":[[-34.743,-41.62],[0.764,-9.373],[31.199,-40.533]],"c":true},"ix":2},"nm":"Path 1","mn":"ADBE Vector Shape - Group","hd":false},{"ty":"fl","c":{"a":0,"k":[1,1,1,1],"ix":4},"o":{"a":0,"k":100,"ix":5},"r":1,"bm":0,"nm":"Fill 1","mn":"ADBE Vector Graphic - Fill","hd":false},{"ty":"tr","p":{"a":0,"k":[0,0],"ix":2},"a":{"a":0,"k":[0,0],"ix":1},"s":{"a":0,"k":[100,100],"ix":3},"r":{"a":0,"k":0,"ix":6},"o":{"a":0,"k":100,"ix":7},"sk":{"a":0,"k":0,"ix":4},"sa":{"a":0,"k":0,"ix":5},"nm":"Transform"}],"nm":"Shape 1","np":3,"cix":2,"bm":0,"ix":1,"mn":"ADBE Vector Group","hd":false},{"ty":"gr","it":[{"ind":0,"ty":"sh","ix":1,"ks":{"a":1,"k":[{"i":{"x":0.667,"y":1},"o":{"x":0.333,"y":0},"t":0,"s":[{"i":[[-11.106,0],[0,-20.31],[11.106,0],[0,20.31]],"o":[[11.106,0],[0,20.31],[-11.106,0],[0,-20.31]],"v":[[0,-36.775],[20.109,0],[0,36.775],[-20.109,0]],"c":true}]},{"i":{"x":0.667,"y":1},"o":{"x":0.333,"y":0},"t":15,"s":[{"i":[[-11.106,0],[0,-20.31],[11.106,0],[0,20.31]],"o":[[11.106,0],[0,20.31],[-11.106,0],[0,-20.31]],"v":[[0,-36.775],[20.109,0],[0.323,9.964],[-20.109,0]],"c":true}]},{"i":{"x":0.667,"y":1},"o":{"x":0.333,"y":0},"t":20,"s":[{"i":[[-11.106,0],[0,-20.31],[11.106,0],[0,20.31]],"o":[[11.106,0],[0,20.31],[-11.106,0],[0,-20.31]],"v":[[0,-36.775],[20.109,0],[0.323,9.964],[-20.109,0]],"c":true}]},{"t":28,"s":[{"i":[[-11.106,0],[0,-20.31],[11.106,0],[0,20.31]],"o":[[11.106,0],[0,20.31],[-11.106,0],[0,-20.31]],"v":[[0,-36.775],[20.109,0],[0,36.775],[-20.109,0]],"c":true}]}],"ix":2},"nm":"Path 1","mn":"ADBE Vector Shape - Group","hd":false},{"ty":"fl","c":{"a":0,"k":[0.478431402468,1,0.984313785329,1],"ix":4},"o":{"a":0,"k":100,"ix":5},"r":1,"bm":0,"nm":"Fill 1","mn":"ADBE Vector Graphic - Fill","hd":false},{"ty":"tr","p":{"a":0,"k":[69.061,-72.054],"ix":2},"a":{"a":0,"k":[0,0],"ix":1},"s":{"a":1,"k":[{"i":{"x":[0.667,0.667],"y":[1,1]},"o":{"x":[0.333,0.333],"y":[0,0]},"t":42,"s":[100,100]},{"i":{"x":[0.667,0.667],"y":[1,1]},"o":{"x":[0.333,0.333],"y":[0,0]},"t":46,"s":[100,0]},{"i":{"x":[0.667,0.667],"y":[1,1]},"o":{"x":[0.296,0.296],"y":[0,0]},"t":50,"s":[100,100]},{"i":{"x":[0.667,0.667],"y":[1,1]},"o":{"x":[0.333,0.333],"y":[0,0]},"t":60,"s":[100,100]},{"i":{"x":[0.667,0.667],"y":[1,1]},"o":{"x":[0.333,0.333],"y":[0,0]},"t":64,"s":[100,0]},{"t":68,"s":[100,100]}],"ix":3},"r":{"a":0,"k":0,"ix":6},"o":{"a":0,"k":100,"ix":7},"sk":{"a":0,"k":0,"ix":4},"sa":{"a":0,"k":0,"ix":5},"nm":"Transform"}],"nm":"Ellipse 3","np":3,"cix":2,"bm":0,"ix":2,"mn":"ADBE Vector Group","hd":false},{"ty":"gr","it":[{"ind":0,"ty":"sh","ix":1,"ks":{"a":1,"k":[{"i":{"x":0.667,"y":1},"o":{"x":0.333,"y":0},"t":0,"s":[{"i":[[-11.106,0],[0,-20.31],[11.106,0],[0,20.31]],"o":[[11.106,0],[0,20.31],[-11.106,0],[0,-20.31]],"v":[[0,-36.775],[20.109,0],[0,36.775],[-20.109,0]],"c":true}]},{"i":{"x":0.667,"y":1},"o":{"x":0.333,"y":0},"t":15,"s":[{"i":[[-11.106,0],[0,-20.31],[11.106,0],[0,20.31]],"o":[[11.106,0],[0,20.31],[-11.106,0],[0,-20.31]],"v":[[0,-36.775],[20.109,0],[0.725,12.138],[-20.109,0]],"c":true}]},{"i":{"x":0.667,"y":1},"o":{"x":0.333,"y":0},"t":20,"s":[{"i":[[-11.106,0],[0,-20.31],[11.106,0],[0,20.31]],"o":[[11.106,0],[0,20.31],[-11.106,0],[0,-20.31]],"v":[[0,-36.775],[20.109,0],[0.725,12.138],[-20.109,0]],"c":true}]},{"t":28,"s":[{"i":[[-11.106,0],[0,-20.31],[11.106,0],[0,20.31]],"o":[[11.106,0],[0,20.31],[-11.106,0],[0,-20.31]],"v":[[0,-36.775],[20.109,0],[0,36.775],[-20.109,0]],"c":true}]}],"ix":2},"nm":"Path 1","mn":"ADBE Vector Shape - Group","hd":false},{"ty":"fl","c":{"a":0,"k":[0.478431402468,1,0.984313785329,1],"ix":4},"o":{"a":0,"k":100,"ix":5},"r":1,"bm":0,"nm":"Fill 1","mn":"ADBE Vector Graphic - Fill","hd":false},{"ty":"tr","p":{"a":0,"k":[-72.243,-72.054],"ix":2},"a":{"a":0,"k":[0,0],"ix":1},"s":{"a":1,"k":[{"i":{"x":[0.667,0.667],"y":[1,1]},"o":{"x":[0.333,0.333],"y":[0,0]},"t":42,"s":[100,100]},{"i":{"x":[0.667,0.667],"y":[1,1]},"o":{"x":[0.333,0.333],"y":[0,0]},"t":46,"s":[100,0]},{"i":{"x":[0.667,0.667],"y":[1,1]},"o":{"x":[0.296,0.296],"y":[0,0]},"t":50,"s":[100,100]},{"i":{"x":[0.667,0.667],"y":[1,1]},"o":{"x":[0.333,0.333],"y":[0,0]},"t":60,"s":[100,100]},{"i":{"x":[0.667,0.667],"y":[1,1]},"o":{"x":[0.333,0.333],"y":[0,0]},"t":64,"s":[100,0]},{"t":68,"s":[100,100]}],"ix":3},"r":{"a":0,"k":0,"ix":6},"o":{"a":0,"k":100,"ix":7},"sk":{"a":0,"k":0,"ix":4},"sa":{"a":0,"k":0,"ix":5},"nm":"Transform"}],"nm":"Ellipse 2","np":3,"cix":2,"bm":0,"ix":3,"mn":"ADBE Vector Group","hd":false},{"ty":"gr","it":[{"ind":0,"ty":"sh","ix":1,"ks":{"a":0,"k":{"i":[[-71.521,0],[-6.667,-65.383],[71.521,0],[-9.076,85.953]],"o":[[71.521,0],[8.359,81.967],[-71.521,0],[6.902,-65.359]],"v":[[0,-119],[134.674,1.449],[-0.04,71.703],[-131.225,-0.362]],"c":true},"ix":2},"nm":"Path 1","mn":"ADBE Vector Shape - Group","hd":false},{"ty":"fl","c":{"a":0,"k":[0.078431372549,0.360784313725,0.619607843137,1],"ix":4},"o":{"a":0,"k":100,"ix":5},"r":1,"bm":0,"nm":"Fill 1","mn":"ADBE Vector Graphic - Fill","hd":false},{"ty":"tr","p":{"a":0,"k":[-3.5,-60],"ix":2},"a":{"a":0,"k":[0,0],"ix":1},"s":{"a":0,"k":[100,100],"ix":3},"r":{"a":0,"k":0,"ix":6},"o":{"a":0,"k":100,"ix":7},"sk":{"a":0,"k":0,"ix":4},"sa":{"a":0,"k":0,"ix":5},"nm":"Transform"}],"nm":"Ellipse 1","np":3,"cix":2,"bm":0,"ix":4,"mn":"ADBE Vector Group","hd":false}],"ip":0,"op":180,"st":0,"ct":1,"bm":0},{"ddd":0,"ind":15,"ty":4,"nm":"head","parent":17,"sr":1,"ks":{"o":{"a":0,"k":100,"ix":11},"r":{"a":0,"k":0,"ix":10},"p":{"a":0,"k":[-0.508,49,0],"ix":2,"l":2},"a":{"a":0,"k":[-2.508,42.5,0],"ix":1,"l":2},"s":{"a":0,"k":[100,100,100],"ix":6,"l":2}},"ao":0,"shapes":[{"ty":"gr","it":[{"ind":0,"ty":"sh","ix":1,"ks":{"a":1,"k":[{"i":{"x":0.667,"y":1},"o":{"x":0.333,"y":0},"t":0,"s":[{"i":[[0,0],[0,0]],"o":[[0,0],[0,0]],"v":[[70.5,-145.625],[103.375,-212]],"c":false}]},{"i":{"x":0.667,"y":1},"o":{"x":0.333,"y":0},"t":15,"s":[{"i":[[0,0],[0,0]],"o":[[0,0],[0,0]],"v":[[70.5,-145.625],[87.875,-177.5]],"c":false}]},{"i":{"x":0.667,"y":1},"o":{"x":0.333,"y":0},"t":20,"s":[{"i":[[0,0],[0,0]],"o":[[0,0],[0,0]],"v":[[70.5,-145.625],[87.875,-177.5]],"c":false}]},{"i":{"x":0.667,"y":1},"o":{"x":0.167,"y":0},"t":28,"s":[{"i":[[0,0],[0,0]],"o":[[0,0],[0,0]],"v":[[70.5,-145.625],[103.375,-212]],"c":false}]},{"t":75,"s":[{"i":[[0,0],[0,0]],"o":[[0,0],[0,0]],"v":[[70.5,-145.625],[103.375,-212]],"c":false}]}],"ix":2},"nm":"Path 1","mn":"ADBE Vector Shape - Group","hd":false},{"ty":"st","c":{"a":0,"k":[0.478431402468,1,0.984313785329,1],"ix":3},"o":{"a":0,"k":100,"ix":4},"w":{"a":0,"k":8,"ix":5},"lc":2,"lj":1,"ml":4,"bm":0,"nm":"Stroke 1","mn":"ADBE Vector Graphic - Stroke","hd":false},{"ty":"tr","p":{"a":0,"k":[0,0],"ix":2},"a":{"a":0,"k":[0,0],"ix":1},"s":{"a":0,"k":[100,100],"ix":3},"r":{"a":0,"k":0,"ix":6},"o":{"a":0,"k":100,"ix":7},"sk":{"a":0,"k":0,"ix":4},"sa":{"a":0,"k":0,"ix":5},"nm":"Transform"}],"nm":"Shape 1","np":3,"cix":2,"bm":0,"ix":1,"mn":"ADBE Vector Group","hd":false},{"ty":"gr","it":[{"d":1,"ty":"el","s":{"a":0,"k":[18.75,13],"ix":2},"p":{"a":0,"k":[0,0],"ix":3},"nm":"Ellipse Path 1","mn":"ADBE Vector Shape - Ellipse","hd":false},{"ty":"st","c":{"a":0,"k":[0.121568634931,0.152941176471,0.105882360421,1],"ix":3},"o":{"a":0,"k":100,"ix":4},"w":{"a":0,"k":0.5,"ix":5},"lc":1,"lj":1,"ml":4,"bm":0,"nm":"Stroke 1","mn":"ADBE Vector Graphic - Stroke","hd":false},{"ty":"fl","c":{"a":0,"k":[0.286274509804,0.658823529412,1,1],"ix":4},"o":{"a":0,"k":100,"ix":5},"r":1,"bm":0,"nm":"Fill 1","mn":"ADBE Vector Graphic - Fill","hd":false},{"ty":"tr","p":{"a":0,"k":[69.125,-143.313],"ix":2},"a":{"a":0,"k":[0,0],"ix":1},"s":{"a":0,"k":[100,100],"ix":3},"r":{"a":0,"k":27,"ix":6},"o":{"a":0,"k":100,"ix":7},"sk":{"a":0,"k":0,"ix":4},"sa":{"a":0,"k":0,"ix":5},"nm":"Transform"}],"nm":"Ellipse 2","np":3,"cix":2,"bm":0,"ix":2,"mn":"ADBE Vector Group","hd":false},{"ty":"gr","it":[{"ind":0,"ty":"sh","ix":1,"ks":{"a":0,"k":{"i":[[-71.521,0],[-6.497,-65.4],[71.521,0],[-7.5,75]],"o":[[71.521,0],[7.5,75.5],[-71.521,0],[6.54,-65.396]],"v":[[0,-119],[132.5,0],[0,102.5],[-130.5,0]],"c":true},"ix":2},"nm":"Path 1","mn":"ADBE Vector Shape - Group","hd":false},{"ty":"gf","o":{"a":0,"k":100,"ix":10},"r":1,"bm":0,"g":{"p":3,"k":{"a":0,"k":[0,0.043,0.31,0.424,0.5,0.376,0.574,0.69,1,0.709,0.838,0.957],"ix":9}},"s":{"a":0,"k":[-210,3],"ix":5},"e":{"a":0,"k":[93,2],"ix":6},"t":1,"nm":"Gradient Fill 1","mn":"ADBE Vector Graphic - G-Fill","hd":false},{"ty":"tr","p":{"a":0,"k":[-3.5,-60],"ix":2},"a":{"a":0,"k":[0,0],"ix":1},"s":{"a":0,"k":[100,100],"ix":3},"r":{"a":0,"k":0,"ix":6},"o":{"a":0,"k":100,"ix":7},"sk":{"a":0,"k":0,"ix":4},"sa":{"a":0,"k":0,"ix":5},"nm":"Transform"}],"nm":"Ellipse 1","np":3,"cix":2,"bm":0,"ix":3,"mn":"ADBE Vector Group","hd":false}],"ip":0,"op":180,"st":0,"ct":1,"bm":0},{"ddd":0,"ind":16,"ty":4,"nm":"ear","parent":15,"sr":1,"ks":{"o":{"a":0,"k":100,"ix":11},"r":{"a":0,"k":0,"ix":10},"p":{"a":1,"k":[{"i":{"x":0.667,"y":1},"o":{"x":0.333,"y":0},"t":0,"s":[-126.25,-59.25,0],"to":[0,1.667,0],"ti":[0,-1.667,0]},{"i":{"x":0.667,"y":1},"o":{"x":0.333,"y":0},"t":15,"s":[-126.25,-49.25,0],"to":[0,0,0],"ti":[0,1.667,0]},{"i":{"x":0.667,"y":1},"o":{"x":0.333,"y":0},"t":20,"s":[-126.25,-49.25,0],"to":[0,-1.667,0],"ti":[0,1.667,0]},{"i":{"x":0.593,"y":0.354},"o":{"x":0.252,"y":0},"t":28,"s":[-126.25,-59.25,0],"to":[0,-0.042,0],"ti":[0,0.038,0]},{"i":{"x":0.689,"y":1},"o":{"x":0.251,"y":0.05},"t":30,"s":[-126.25,-59.369,0],"to":[0,-1.465,0],"ti":[0,0,0]},{"i":{"x":0.689,"y":0.689},"o":{"x":0.167,"y":0.167},"t":45,"s":[-119.75,-57.75,0],"to":[0,0,0],"ti":[0,0,0]},{"i":{"x":0.689,"y":1},"o":{"x":0.167,"y":0},"t":49,"s":[-119.75,-57.75,0],"to":[0,0,0],"ti":[0,0,0]},{"i":{"x":0.689,"y":0.689},"o":{"x":0.167,"y":0.167},"t":64,"s":[-131.75,-69.25,0],"to":[0,0,0],"ti":[0,0,0]},{"i":{"x":0.667,"y":1},"o":{"x":0.167,"y":0},"t":67,"s":[-131.75,-69.25,0],"to":[0,0,0],"ti":[0,0,0]},{"t":75,"s":[-126.25,-59.25,0]}],"ix":2,"l":2},"a":{"a":0,"k":[-124.25,-55.25,0],"ix":1,"l":2},"s":{"a":0,"k":[100,100,100],"ix":6,"l":2}},"ao":0,"shapes":[{"ty":"gr","it":[{"d":1,"ty":"el","s":{"a":0,"k":[50.5,50.5],"ix":2},"p":{"a":0,"k":[0,0],"ix":3},"nm":"Ellipse Path 1","mn":"ADBE Vector Shape - Ellipse","hd":false},{"ty":"fl","c":{"a":0,"k":[0.078431372549,0.360784313725,0.619607843137,1],"ix":4},"o":{"a":0,"k":100,"ix":5},"r":1,"bm":0,"nm":"Fill 1","mn":"ADBE Vector Graphic - Fill","hd":false},{"ty":"tr","p":{"a":0,"k":[127.25,-55.25],"ix":2},"a":{"a":0,"k":[0,0],"ix":1},"s":{"a":0,"k":[100,100],"ix":3},"r":{"a":0,"k":0,"ix":6},"o":{"a":0,"k":100,"ix":7},"sk":{"a":0,"k":0,"ix":4},"sa":{"a":0,"k":0,"ix":5},"nm":"Transform"}],"nm":"Ellipse 2","np":3,"cix":2,"bm":0,"ix":1,"mn":"ADBE Vector Group","hd":false},{"ty":"gr","it":[{"d":1,"ty":"el","s":{"a":0,"k":[50.5,50.5],"ix":2},"p":{"a":0,"k":[0,0],"ix":3},"nm":"Ellipse Path 1","mn":"ADBE Vector Shape - Ellipse","hd":false},{"ty":"fl","c":{"a":0,"k":[0.078431372549,0.360784313725,0.619607843137,1],"ix":4},"o":{"a":0,"k":100,"ix":5},"r":1,"bm":0,"nm":"Fill 1","mn":"ADBE Vector Graphic - Fill","hd":false},{"ty":"tr","p":{"a":0,"k":[-124.25,-55.25],"ix":2},"a":{"a":0,"k":[0,0],"ix":1},"s":{"a":0,"k":[100,100],"ix":3},"r":{"a":0,"k":0,"ix":6},"o":{"a":0,"k":100,"ix":7},"sk":{"a":0,"k":0,"ix":4},"sa":{"a":0,"k":0,"ix":5},"nm":"Transform"}],"nm":"Ellipse 1","np":3,"cix":2,"bm":0,"ix":2,"mn":"ADBE Vector Group","hd":false}],"ip":0,"op":180,"st":0,"ct":1,"bm":0},{"ddd":0,"ind":17,"ty":4,"nm":"body","sr":1,"ks":{"o":{"a":0,"k":100,"ix":11},"r":{"a":0,"k":0,"ix":10},"p":{"a":1,"k":[{"i":{"x":0.667,"y":1},"o":{"x":0.333,"y":0},"t":0,"s":[487.5,509.75,0],"to":[0,-10,0],"ti":[0,10,0]},{"i":{"x":0.667,"y":0.667},"o":{"x":0.333,"y":0.333},"t":15,"s":[487.5,449.75,0],"to":[0,0,0],"ti":[0,0,0]},{"i":{"x":0.667,"y":1},"o":{"x":0.333,"y":0},"t":17,"s":[487.5,449.75,0],"to":[0,10,0],"ti":[0,-10,0]},{"i":{"x":0.667,"y":0.667},"o":{"x":0.333,"y":0.333},"t":28,"s":[487.5,509.75,0],"to":[0,0,0],"ti":[0,0,0]},{"i":{"x":0.667,"y":1},"o":{"x":0.333,"y":0},"t":30,"s":[487.5,509.75,0],"to":[2.333,0,0],"ti":[-2.333,0,0]},{"i":{"x":0.667,"y":0.667},"o":{"x":0.333,"y":0.333},"t":45,"s":[501.5,509.75,0],"to":[0,0,0],"ti":[0,0,0]},{"i":{"x":0.667,"y":1},"o":{"x":0.333,"y":0},"t":49,"s":[501.5,509.75,0],"to":[-4.833,0,0],"ti":[4.833,0,0]},{"i":{"x":0.667,"y":0.667},"o":{"x":0.333,"y":0.333},"t":64,"s":[472.5,509.75,0],"to":[0,0,0],"ti":[0,0,0]},{"i":{"x":0.667,"y":1},"o":{"x":0.333,"y":0},"t":67,"s":[472.5,509.75,0],"to":[2.5,0,0],"ti":[-2.5,0,0]},{"t":75,"s":[487.5,509.75,0]}],"ix":2,"l":2},"a":{"a":0,"k":[-0.5,108.25,0],"ix":1,"l":2},"s":{"a":0,"k":[100,100,100],"ix":6,"l":2}},"ao":0,"shapes":[{"ty":"gr","it":[{"d":1,"ty":"el","s":{"a":0,"k":[19.75,19.75],"ix":2},"p":{"a":0,"k":[0,0],"ix":3},"nm":"Ellipse Path 1","mn":"ADBE Vector Shape - Ellipse","hd":false},{"ty":"fl","c":{"a":0,"k":[0.478431402468,1,0.984313785329,1],"ix":4},"o":{"a":0,"k":100,"ix":5},"r":1,"bm":0,"nm":"Fill 1","mn":"ADBE Vector Graphic - Fill","hd":false},{"ty":"tr","p":{"a":1,"k":[{"i":{"x":0.667,"y":1},"o":{"x":0.333,"y":0},"t":0,"s":[23.625,103.375],"to":[0,-2],"ti":[0,2]},{"i":{"x":0.667,"y":0.667},"o":{"x":0.333,"y":0.333},"t":15,"s":[23.625,91.375],"to":[0,0],"ti":[0,0]},{"i":{"x":0.667,"y":1},"o":{"x":0.333,"y":0},"t":19,"s":[23.625,91.375],"to":[0,2],"ti":[0,-2]},{"i":{"x":0.667,"y":0.667},"o":{"x":0.333,"y":0.333},"t":28,"s":[23.625,103.375],"to":[0,0],"ti":[0,0]},{"t":75,"s":[23.625,103.375]}],"ix":2},"a":{"a":0,"k":[0,0],"ix":1},"s":{"a":0,"k":[100,100],"ix":3},"r":{"a":0,"k":0,"ix":6},"o":{"a":0,"k":100,"ix":7},"sk":{"a":0,"k":0,"ix":4},"sa":{"a":0,"k":0,"ix":5},"nm":"Transform"}],"nm":"Ellipse 1","np":3,"cix":2,"bm":0,"ix":1,"mn":"ADBE Vector Group","hd":false},{"ty":"gr","it":[{"ind":0,"ty":"sh","ix":1,"ks":{"a":0,"k":{"i":[[0,-18.225],[0,0],[18.225,0],[0,0],[1.5,14.5],[0,0],[-18.225,0],[0,0]],"o":[[0,0],[-4.25,18.75],[0,0],[-20,-0.5],[0,0],[0,-18.225],[0,0],[18.225,0]],"v":[[54.5,-11],[49.5,18.25],[9,52.625],[-9,52.625],[-49.5,16.75],[-53.75,-13.75],[-9,-47.75],[9,-47.75]],"c":true},"ix":2},"nm":"Path 1","mn":"ADBE Vector Shape - Group","hd":false},{"ty":"gf","o":{"a":0,"k":100,"ix":10},"r":1,"bm":0,"g":{"p":3,"k":{"a":0,"k":[0,0.043,0.31,0.424,0.5,0.376,0.574,0.69,1,0.709,0.838,0.957],"ix":9}},"s":{"a":0,"k":[-96,-4],"ix":5},"e":{"a":0,"k":[72,0],"ix":6},"t":1,"nm":"Gradient Fill 1","mn":"ADBE Vector Graphic - G-Fill","hd":false},{"ty":"tr","p":{"a":0,"k":[-0.5,108.25],"ix":2},"a":{"a":0,"k":[0,0],"ix":1},"s":{"a":0,"k":[100,100],"ix":3},"r":{"a":0,"k":0,"ix":6},"o":{"a":0,"k":100,"ix":7},"sk":{"a":0,"k":0,"ix":4},"sa":{"a":0,"k":0,"ix":5},"nm":"Transform"}],"nm":"Rectangle 1","np":2,"cix":2,"bm":0,"ix":2,"mn":"ADBE Vector Group","hd":false}],"ip":0,"op":180,"st":0,"ct":1,"bm":0},{"ddd":0,"ind":18,"ty":4,"nm":"tail","parent":17,"sr":1,"ks":{"o":{"a":0,"k":100,"ix":11},"r":{"a":0,"k":0,"ix":10},"p":{"a":1,"k":[{"i":{"x":0.667,"y":1},"o":{"x":0.333,"y":0},"t":33,"s":[0.625,143.665,0],"to":[2.833,0.5,0],"ti":[-2.833,-0.5,0]},{"i":{"x":0.667,"y":0.667},"o":{"x":0.333,"y":0.333},"t":45,"s":[17.625,146.665,0],"to":[0,0,0],"ti":[0,0,0]},{"i":{"x":0.744,"y":1},"o":{"x":0.676,"y":0},"t":49,"s":[17.625,146.665,0],"to":[-6.167,0,0],"ti":[6.167,0,0]},{"i":{"x":0.744,"y":0.744},"o":{"x":0.333,"y":0.333},"t":64,"s":[-19.375,146.665,0],"to":[0,0,0],"ti":[0,0,0]},{"i":{"x":0.667,"y":1},"o":{"x":0.333,"y":0},"t":67,"s":[-19.375,146.665,0],"to":[3.333,-0.5,0],"ti":[-3.333,0.5,0]},{"t":75,"s":[0.625,143.665,0]}],"ix":2,"l":2},"a":{"a":0,"k":[0.625,141.165,0],"ix":1,"l":2},"s":{"a":1,"k":[{"i":{"x":[0.667,0.667,0.667],"y":[1,1,1]},"o":{"x":[0.333,0.333,0.333],"y":[0,0,0]},"t":0,"s":[100,100,100]},{"i":{"x":[0.667,0.667,0.667],"y":[1,1,1]},"o":{"x":[0.333,0.333,0.333],"y":[0,0,0]},"t":15,"s":[93,177,100]},{"i":{"x":[0.667,0.667,0.667],"y":[1,1,1]},"o":{"x":[0.333,0.333,0.333],"y":[0,0,0]},"t":17,"s":[93,177,100]},{"i":{"x":[0.667,0.667,0.667],"y":[1,1,1]},"o":{"x":[0.333,0.333,0.333],"y":[0,0,0]},"t":28,"s":[100,100,100]},{"i":{"x":[0.667,0.667,0.667],"y":[1,1,1]},"o":{"x":[0.333,0.333,0.333],"y":[0,0,0]},"t":33,"s":[100,100,100]},{"i":{"x":[0.667,0.667,0.667],"y":[1,1,1]},"o":{"x":[0.333,0.333,0.333],"y":[0,0,0]},"t":45,"s":[97,128,100]},{"i":{"x":[0.744,0.744,0.744],"y":[1,1,1]},"o":{"x":[0.676,0.676,0.676],"y":[0,0,0]},"t":49,"s":[97,128,100]},{"i":{"x":[0.744,0.744,0.744],"y":[1,1,1]},"o":{"x":[0.333,0.333,0.333],"y":[0,0,0]},"t":64,"s":[97,128,100]},{"i":{"x":[0.667,0.667,0.667],"y":[1,1,1]},"o":{"x":[0.333,0.333,0.333],"y":[0,0,0]},"t":67,"s":[97,128,100]},{"t":75,"s":[100,100,100]}],"ix":6,"l":2}},"ao":0,"shapes":[{"ty":"gr","it":[{"d":1,"ty":"el","s":{"a":0,"k":[48.25,48.25],"ix":2},"p":{"a":0,"k":[0,0],"ix":3},"nm":"Ellipse Path 1","mn":"ADBE Vector Shape - Ellipse","hd":false},{"ty":"fl","c":{"a":0,"k":[0.517647058824,0.988235353956,0.988235353956,1],"ix":4},"o":{"a":0,"k":100,"ix":5},"r":1,"bm":0,"nm":"Fill 1","mn":"ADBE Vector Graphic - Fill","hd":false},{"ty":"tr","p":{"a":0,"k":[-0.125,159.5],"ix":2},"a":{"a":0,"k":[0,0],"ix":1},"s":{"a":0,"k":[76,76],"ix":3},"r":{"a":0,"k":0,"ix":6},"o":{"a":0,"k":100,"ix":7},"sk":{"a":0,"k":0,"ix":4},"sa":{"a":0,"k":0,"ix":5},"nm":"Transform"}],"nm":"Ellipse 2","np":3,"cix":2,"bm":0,"ix":1,"mn":"ADBE Vector Group","hd":false},{"ty":"gr","it":[{"d":1,"ty":"el","s":{"a":0,"k":[48.25,48.25],"ix":2},"p":{"a":0,"k":[0,0],"ix":3},"nm":"Ellipse Path 1","mn":"ADBE Vector Shape - Ellipse","hd":false},{"ty":"gf","o":{"a":0,"k":100,"ix":10},"r":1,"bm":0,"g":{"p":3,"k":{"a":0,"k":[0,0.043,0.31,0.424,0.5,0.376,0.574,0.69,1,0.709,0.838,0.957],"ix":9}},"s":{"a":0,"k":[-1,-23],"ix":5},"e":{"a":0,"k":[-1,29],"ix":6},"t":1,"nm":"Gradient Fill 1","mn":"ADBE Vector Graphic - G-Fill","hd":false},{"ty":"tr","p":{"a":0,"k":[0.625,165.875],"ix":2},"a":{"a":0,"k":[0,0],"ix":1},"s":{"a":0,"k":[100,100],"ix":3},"r":{"a":0,"k":0,"ix":6},"o":{"a":0,"k":100,"ix":7},"sk":{"a":0,"k":0,"ix":4},"sa":{"a":0,"k":0,"ix":5},"nm":"Transform"}],"nm":"Ellipse 1","np":3,"cix":2,"bm":0,"ix":2,"mn":"ADBE Vector Group","hd":false}],"ip":0,"op":180,"st":0,"ct":1,"bm":0}],"markers":[]}